poste,jee,sap,html5,python,css3,javascript,react ,jquery,angular,linux,php,html,sql,c++,c#,css,vue,docker,git,rest,boostrap,.net,js,domaine
Développeur PHP full stack Senior ,false,false,true,false,true,true,false,true,true,false,true,true,true,false,false,true,false,false,false,false,false,false,false,developement
Développeur PHP full stack Senior ,false,false,true,false,true,true,false,true,true,false,true,true,true,false,false,true,false,false,false,false,false,false,false,developement
Développeur full stack confirmé -MON- ,false,false,false,false,false,false,false,false,true,false,false,true,true,true,false,false,false,false,false,false,false,false,false,full stack
Ingénieur Développement Senior full stack Java/ J2EE ,true,false,false,false,false,false,false,false,true,false,false,false,false,false,false,false,false,false,true,false,false,false,true,developement
Développeur full stack ,false,false,false,false,false,false,false,false,false,false,false,false,false,false,false,false,false,false,false,false,false,false,false,full stack
Développeur full stack Java/JEE Confirmé ,true,false,true,false,false,false,false,false,true,false,false,true,true,false,false,true,false,true,true,true,false,false,true,developement
Ingénieur Etudes et Développement fullstack .NET / Angular Senior ,false,false,false,false,false,false,false,false,true,false,false,false,true,false,true,false,false,false,false,true,false,true,false,DOTNET
Ingénieur Etudes Et Développement Java full stack (H/F) ,true,false,true,false,true,false,false,false,true,false,false,true,false,false,false,true,false,true,true,false,false,false,false,developement
Développeur fullstack / Scrum master ,false,false,false,false,false,false,false,false,true,false,false,false,true,false,false,false,false,true,true,true,false,false,false,full stack
Développeur full stack Java/Angular Confirmé ,true,false,true,false,false,false,false,false,true,false,false,true,true,false,false,true,false,true,true,true,false,false,true,developement
Développeur PHP full stack Sénior ,false,false,true,false,true,true,false,true,true,false,true,true,true,false,false,true,false,false,false,false,false,false,false,developement
Concepteur Développeur fullstack ,false,false,false,false,false,false,false,false,true,false,false,false,false,false,false,false,false,false,true,true,false,false,false,developement
Ingénieur full stack Angular / NodeJS ,false,true,true,false,false,true,false,false,true,false,false,true,true,false,false,true,false,false,false,false,false,false,true,full stack
Concepteur Développeur fullstack (Java/Angular) ,false,false,false,false,false,false,false,false,true,false,false,false,false,false,false,false,true,true,true,false,false,false,true,developement
Ingénieur d Etudes et Développement full stack Java/JEE confirmé (H/F) ,false,false,true,false,false,false,false,false,true,false,false,true,true,false,false,false,false,false,true,false,false,false,true,developement
Développeur full-stack ,false,false,false,false,false,false,false,false,false,false,false,false,false,false,false,false,false,false,false,false,false,false,false,full stack
Développeur fullstack (Java/Angular) ,false,false,true,false,false,true,false,false,true,true,false,true,true,false,false,false,false,true,true,true,false,false,false,developement
Développeur full stack Confirmé ,false,false,false,false,true,false,false,false,true,false,false,true,true,false,false,true,false,true,true,true,false,false,false,full stack
Ingénieur full stack Java/Angular (Secteur Bancaire) - Freelance ,false,true,false,false,false,false,false,false,true,false,false,false,true,false,false,false,false,true,true,true,false,false,false,developement
Senior fullstack developer ,false,false,false,false,false,false,false,false,false,false,false,false,false,false,false,false,false,false,false,false,false,false,false,full stack
Consultant sap FICO - Freelance ,false,true,false,false,false,false,false,false,false,false,false,false,false,false,false,false,false,false,false,false,false,false,false,consultant
Consultant OTC - sap.HANA.SCM.SD - Freelance ,false,true,false,false,false,false,false,false,false,false,false,false,false,false,false,false,false,false,false,false,false,false,false,consultant
Lead sap ( PP / QM/S4HANA ) ,false,true,false,false,false,false,false,false,false,false,false,false,false,false,false,false,false,false,false,false,false,false,false,SAP
Consultant Sage avec Evolution vers poste sap ou Microsoft ,false,true,false,false,false,false,false,false,false,false,false,false,false,false,false,false,false,false,false,false,false,false,false,consultant
SENIOR CONSULTANT FONCTIONNEL OU TECHNIQUE sap TOUS DOMAINES ,false,true,false,false,false,false,false,false,false,false,false,false,false,false,false,false,false,false,false,false,false,false,false,consultant
Chef de Projet sap Business One ,false,true,false,false,false,false,false,false,false,false,false,false,false,false,false,false,false,false,false,false,false,false,false,chef de projet
Lead sap ( PP / QM/S4HANA ) ,false,true,false,false,false,false,false,false,false,false,false,false,false,false,false,false,false,false,false,false,false,false,false,SAP
sap HANA OTC LEAD ,false,true,false,false,false,false,false,false,false,false,false,false,false,false,false,false,false,false,false,false,false,false,false,SAP
data Scientist ,false,false,false,true,false,false,false,false,true,false,false,false,false,false,false,false,true,false,false,false,false,false,false,DATA ANALYSTE
Développer Big data SCALA/JAVA (H/F) ,true,false,false,false,true,false,false,false,true,false,false,false,false,false,false,true,false,true,true,true,false,false,true,developement
data Engineer (H/F) ,false,false,false,false,false,false,false,false,false,false,false,false,true,false,false,false,false,false,false,false,false,false,false,DATA ANALYSTE
data Scientist (H/F) ,false,false,false,true,false,false,false,false,false,false,false,false,true,false,false,false,false,false,false,false,false,false,false,DATA ANALYSTE
Développeur Master data Management ,false,false,false,false,false,false,false,false,false,false,false,false,true,false,false,false,false,false,false,false,false,false,false,DATA ANALYSTE
Ingénieur data Senior ,false,false,false,false,false,false,false,false,false,false,false,false,true,false,false,false,false,false,false,false,false,false,false,DATA ANALYSTE
Développeur Big data ,false,false,false,false,false,false,false,false,false,false,false,false,false,false,false,false,false,true,false,false,false,false,false,DATA ANALYSTE
Bigdata Developer ( Scala/Java) ,false,false,false,false,false,false,false,false,false,true,false,false,false,false,false,false,false,false,true,true,false,false,false,developement
Développeur PHP Full Stack Senior ,false,false,true,false,true,true,false,true,true,false,true,true,true,false,false,true,false,false,false,false,false,false,false,developement
Développeur PHP Full Stack Senior ,false,false,true,false,true,true,false,true,true,false,true,true,true,false,false,true,false,false,false,false,false,false,false,developement
Analyste Programmeur .Net ,false,false,false,false,false,true,true,false,true,false,true,false,true,false,true,true,false,false,false,true,false,true,true,DOTNET
Concepteur Développeur Symfony (H/F) ,false,false,true,false,true,true,false,false,false,false,false,true,false,false,false,true,false,false,true,false,false,false,false,developement
Expert Technique PHP Natif (H/F) ,false,false,true,false,true,true,false,false,false,false,true,true,false,false,false,true,false,false,true,false,false,false,false,developement
Ingénieur Concepteur Développeur PHP NATIF (H/F) ,false,false,true,false,true,true,false,false,false,false,true,true,false,false,false,true,false,false,true,false,false,false,false,developement
Concepteur Développeur Magento (H/F) ,false,false,true,false,true,true,false,false,false,false,false,true,false,false,false,true,false,false,true,false,false,false,false,developement
Ingénieur Concepteur Développeur Drupal ,false,false,true,false,true,false,false,false,false,false,true,true,false,false,false,true,false,false,true,false,false,false,true,developement
Expert Technique Drupal ,false,false,true,false,true,true,false,false,false,false,true,true,false,false,false,true,false,false,true,false,false,false,false,expert technique
Développer Big Data SCALA/JAVA (H/F) ,true,false,false,false,true,false,false,false,true,false,false,false,false,false,false,true,false,true,true,true,false,false,true,developement
Expert Technique Front End (H/F) ,false,false,true,false,true,true,false,false,false,false,false,true,false,false,false,true,true,false,true,false,false,false,true,expert technique
Ingénieur Concepteur Développeur JAVASCRIPT/ VUE.JS (H/F) ,false,false,true,false,true,true,false,false,true,false,false,true,false,false,false,true,true,false,true,false,false,false,true,developement
Concepteur Développeur NodeJs(H/F) ,false,false,true,false,true,true,false,false,false,false,false,true,false,false,false,true,true,false,true,false,false,false,true,developement
Ingénieur Concepteur Développeur JavaScript/Angular (H/F) ,false,false,true,false,true,true,false,false,true,false,false,true,false,false,false,true,true,false,true,false,false,false,true,developement
Ingénieur Concepteur Développeur JAVASCRIPT/REACTJS ,false,false,true,false,true,true,false,false,true,false,false,true,false,false,false,true,true,false,true,false,false,false,true,developement
Expert Technique Front End (H/F) ,false,false,true,false,true,true,false,false,false,false,false,true,false,false,false,true,true,false,true,false,false,false,true,expert technique
Ingénieurs Etude et Développement JAVA EE Senior ,false,false,true,false,false,true,false,false,true,false,false,true,false,false,false,true,false,false,false,true,false,false,false,developement
Développeur Web (Drupal) (F/H) ,false,false,true,true,true,true,false,true,false,true,true,true,true,false,false,true,false,false,false,true,false,false,false,developpeur web
Développeur .NET Confirmé (H/F) ,false,false,false,false,false,false,true,true,false,false,false,true,false,false,true,true,false,false,true,true,false,true,true,DOTNET
Développeur Full Stack Java/JEE Confirmé ,true,false,true,false,false,false,false,false,true,false,false,true,true,false,false,true,false,true,true,true,false,false,true,developement
Ingénieur Développement PHP ,false,false,false,false,false,true,false,true,false,true,true,true,true,false,true,true,true,false,false,true,false,true,true,developement
Ingénieur Etudes Et Développement Java Full Stack (H/F) ,true,false,true,false,true,false,false,false,true,false,false,true,false,false,false,true,false,true,true,false,false,false,false,developement
Développeur Full Stack Java/Angular Confirmé ,true,false,true,false,false,false,false,false,true,false,false,true,true,false,false,true,false,true,true,true,false,false,true,developement
Développeur PHP Full Stack Sénior ,false,false,true,false,true,true,false,true,true,false,true,true,true,false,false,true,false,false,false,false,false,false,false,developement
Chef de projet monétique Senior -MON- ,false,false,false,false,false,true,false,false,false,false,false,true,true,false,true,true,false,false,false,false,false,false,false,chef de projet
Tech Lead DotNet ,false,false,true,false,true,false,false,true,true,false,false,true,true,false,true,true,false,false,false,false,false,true,true,DOTNET
Développeur Senior DotNet ,false,false,true,false,true,false,false,true,true,false,false,true,true,false,true,true,false,false,false,false,false,true,true,DOTNET
Ingénieur Full Stack Angular / NodeJS ,false,true,true,false,false,true,false,false,true,false,false,true,true,false,false,true,false,false,false,false,false,false,true,full stack
Formateur en développement Web ,false,false,false,false,false,false,false,false,false,true,true,true,false,false,false,true,false,false,true,false,false,false,true,developpeur web
Expert Technique .Net/Angular ( Oujda ) (H/F) ,false,false,true,false,true,true,false,true,true,false,false,true,true,false,true,true,false,false,true,false,false,true,true,DOTNET
Expert Technique Drupal ( Oujda ) ,false,false,true,false,true,true,false,false,false,false,true,true,false,false,false,true,false,false,true,false,false,false,false,expert technique
INGÉNIEUR CONCEPTEUR DÉVELOPPEUR PHP (OUJDA) (H/F) ,false,false,true,false,true,true,false,false,false,false,true,true,false,false,false,true,false,false,true,false,false,false,false,developement
Développeur Intégrateur Front-End ,false,false,true,false,true,true,false,true,false,false,true,true,false,false,false,true,true,false,false,false,false,false,true,developement
Ingénieur Etudes Et Développement PHP Confirmé (H/F) ,true,false,true,false,true,false,false,false,true,false,false,true,false,false,false,true,false,true,true,false,false,false,false,developement
Ingénieur Etudes Et Développement MOBILE HYBRIDE (H/F) ,true,false,true,false,true,false,false,false,true,false,false,true,false,false,false,true,false,true,true,false,false,false,false,autre
Web Master (H/F) ,false,false,false,false,false,true,false,false,false,false,true,true,false,false,false,true,false,false,false,false,false,false,false,developpeur web
Ingénieurs Etude et Développement JAVA EE ,false,false,true,false,false,true,false,false,true,false,false,true,false,false,false,true,false,false,false,true,false,false,false,developement
Consultant ITSM - Jira (H/F) ,false,false,false,false,false,true,false,false,false,false,false,true,false,false,false,true,false,false,false,false,false,false,false,consultant
Chargé de développement CRM ,false,false,true,false,true,true,false,true,false,false,true,true,true,false,false,true,false,false,false,false,false,true,false,autre
Développeur/Intégrateur WordPress ,false,false,false,false,false,true,false,true,false,false,true,true,false,false,false,true,false,false,false,false,false,false,false,developement
Business Analyst Marketing (English Speaker) ,false,false,false,false,false,false,false,false,false,false,false,true,false,false,false,true,false,false,true,false,false,false,false,autre
Développeur Full Stack Confirmé ,false,false,false,false,true,false,false,false,true,false,false,true,true,false,false,true,false,true,true,true,false,false,false,full stack
Développeur Service Now ,false,false,false,false,false,true,false,false,false,false,false,true,false,false,false,true,false,false,false,false,false,false,false,developement
Ingénieur Développeur Sharepoint (Confirmé) ,false,false,false,false,false,true,false,false,false,false,false,false,true,false,false,true,false,false,false,false,false,true,false,developement
Spécialiste Network ,false,false,false,false,false,false,false,false,false,false,false,false,false,false,false,false,false,false,false,false,false,false,false,autre
Chef de projet PL/SQL -MON- ,false,true,false,false,false,false,false,false,false,false,false,false,true,true,false,false,false,false,false,false,false,false,false,chef de projet
Chef de projet AMOA (H/F) ,false,false,false,false,false,false,false,false,false,false,false,false,false,false,false,false,false,false,true,false,false,false,false,chef de projet
Consultants expérimentés SIRH ,false,true,false,false,false,false,false,false,false,false,false,false,true,false,false,false,false,false,false,false,false,false,false,consultant
Conseillers Commerciaux avec Prime Déplafonnée! (Secteur des Télécoms) ,false,false,false,false,false,false,false,false,false,false,false,false,false,false,false,false,false,false,false,false,false,false,false,autre
Expert Technique Front End (H/F) ,false,false,true,false,true,true,false,false,false,false,false,true,false,false,false,true,true,false,true,false,false,false,true,expert technique
Administrateur Système H/F ,false,false,false,true,false,false,false,false,false,true,false,false,false,false,false,false,false,true,true,false,false,false,false,autre
Développeur Java Angular ,false,false,false,true,false,true,false,false,true,false,false,false,true,true,false,false,false,true,true,false,false,false,false,developement
Concepteur développeur ESB ,false,false,false,false,false,false,false,false,false,false,false,false,true,false,false,false,false,false,false,false,false,false,false,developement
Ingénieur deVOPS ,false,false,false,false,false,false,false,false,false,false,false,false,false,false,false,false,false,true,true,false,false,false,false,DEVOPS
Développeur Master Data Management ,false,false,false,false,false,false,false,false,false,false,false,false,true,false,false,false,false,false,false,false,false,false,false,DATA ANALYSTE
Chargé(e) de développement RH (Senior) ,false,false,false,false,false,false,false,false,false,false,false,false,false,false,false,false,false,false,false,false,false,false,false,autre
Bilingual Customer Support Representative (SPANISH/ENGLISH) ,false,false,false,false,false,false,false,false,false,false,false,false,false,false,false,false,false,false,false,false,false,false,false,autre
Conseillers clients FRANCOPHONES EXPÉRIMENTÉS pour un leader mondial de la cosmétique de luxe ,false,false,false,false,false,false,false,false,false,false,false,false,false,false,false,false,false,false,false,false,false,false,false,autre
SITEL Rabat is hiring !! English customer representative for a medical project ,false,false,false,false,false,false,false,false,false,false,false,false,false,false,false,false,false,false,false,false,false,false,false,autre
Workplace Administrator ,false,false,false,false,false,false,false,false,false,false,false,false,false,false,false,false,false,false,false,false,false,false,false,autre
Ingénieur développeur .Net Angular Confirmé ,false,false,false,false,false,false,false,true,true,false,false,false,true,false,true,false,false,false,false,false,false,true,true,DOTNET
Contrôleur de Gestion (Senior) - Profil Ingénieur ,false,false,false,false,false,false,false,false,false,false,false,false,false,false,false,false,false,false,false,false,false,false,false,autre
Business Analyst ,false,false,false,false,false,true,false,false,false,true,false,false,true,false,true,false,false,false,true,false,false,true,false,autre
Ingénieur Data Senior ,false,false,false,false,false,false,false,false,false,false,false,false,true,false,false,false,false,false,false,false,false,false,false,DATA ANALYSTE
Conseillers Commerciaux avec prime déplafonnée ! ,false,false,false,false,false,false,false,false,false,false,false,false,false,false,false,false,false,false,false,false,false,false,false,autre
Commerciaux avec Prime Déplafonnée! ,false,false,false,false,false,false,false,false,false,false,false,false,false,false,false,false,false,false,false,false,false,false,false,autre
Conseillers Commerciaux à Rabat avec Prime Déplafonnée ,false,false,false,false,false,false,false,false,false,false,false,false,false,false,false,false,false,false,false,false,false,false,false,autre
Développeur PHP Full Stack Sénior ,false,false,true,false,true,true,false,true,true,false,true,true,true,false,false,true,false,false,false,false,false,false,false,developement
Chef de projet monétique Senior -MON- ,false,false,false,false,false,true,false,false,false,false,false,true,true,false,true,true,false,false,false,false,false,false,false,chef de projet
Chargé de clientèle Franco-Anglophone Opérateur Télécom Canadien (H/F) ,false,false,false,false,false,false,false,false,false,false,false,false,false,false,false,false,false,false,false,false,false,false,false,autre
Tech Lead DotNet ,false,false,true,false,true,false,false,true,true,false,false,true,true,false,true,true,false,false,false,false,false,true,true,DOTNET
Développeur Senior DotNet ,false,false,true,false,true,false,false,true,true,false,false,true,true,false,true,true,false,false,false,false,false,true,true,DOTNET
Consultant React Native - Freelance ,false,true,false,false,false,false,true,false,false,false,false,false,false,false,false,false,false,false,false,false,false,false,false,consultant
Coordinateur Développement RH ,false,false,false,false,false,false,false,false,false,false,false,false,false,false,false,false,false,false,false,false,false,false,false,autre
Scrum Master Senior ,false,false,false,false,false,false,false,false,false,false,false,false,false,false,false,false,false,false,false,false,false,false,false,autre
Directeur Informatique Technique senior SSII (Business Unit Finance)- CTO - Secteur bancaire/édition de logiciels - delivery ,false,false,false,false,false,false,false,false,false,false,false,false,true,false,false,false,false,true,true,false,false,false,false,autre
Ingénieur et Intégrateur support Applicatif ,false,false,false,false,false,false,false,false,false,true,false,false,true,false,false,false,false,true,false,false,false,false,false,autre
Ingénieur devops Confirmé ,false,false,false,false,false,false,false,false,true,false,false,false,true,false,false,false,false,true,true,true,false,false,false,DEVOPS
Ingénieur Réseau et Sécurité ,false,false,false,false,false,false,false,false,false,true,false,false,false,false,false,false,false,false,false,true,false,false,false,securite
Ingénieur Réseau et Sécurité Senior ,false,false,false,false,false,false,false,false,false,false,false,false,false,false,false,false,false,false,false,false,false,false,false,securite
Consultant technique HRaccess ,false,false,false,false,false,false,false,false,false,false,true,true,true,false,false,false,false,false,false,false,false,true,false,consultant
Ingénieur devOps ,false,false,false,true,false,false,false,false,false,true,false,false,true,false,false,false,false,true,true,false,false,false,false,DEVOPS
TECHNICIEN PREPARATEUR QUALITE MESURE ,false,false,false,false,false,false,false,false,false,false,false,false,false,false,false,false,false,false,false,false,false,false,false,autre
Ingénieur Etudes Et Développement PHP Confirmé (H/F) ,true,false,true,false,true,false,false,false,true,false,false,true,false,false,false,true,false,true,true,false,false,false,false,developement
Ingénieur Etudes Et Développement MOBILE HYBRIde (H/F) ,true,false,true,false,true,false,false,false,true,false,false,true,false,false,false,true,false,true,true,false,false,false,false,autre
ingénieur devops ,false,false,false,false,false,false,false,false,false,false,false,false,false,false,false,false,false,true,true,false,false,false,false,DEVOPS
ingénieur devops Senior ,false,false,false,false,false,false,false,false,false,false,true,false,false,false,false,false,false,true,false,false,false,false,false,DEVOPS
ingénieur infrastructure devops/Docker ,false,false,false,true,false,false,false,false,false,false,false,false,true,false,false,false,false,true,true,false,false,false,true,DEVOPS
ingénieur infrastructure devops/Docker ,false,false,false,true,false,false,false,false,false,false,false,false,true,false,false,false,false,true,true,false,false,false,true,DEVOPS
ingénieur OPS – devops confirmé ,false,false,false,false,false,false,false,false,false,true,false,false,true,false,false,false,false,false,false,false,false,false,false,DEVOPS
ingénieur OPS – devops (H/F) ,false,false,false,false,false,false,false,false,false,true,false,false,true,false,false,false,false,false,false,false,false,false,false,DEVOPS
ingénieur devops ,false,false,false,false,false,false,false,false,false,true,false,false,false,false,false,false,false,true,false,false,false,false,false,DEVOPS
ingénieur devops ,false,false,false,true,false,false,false,false,false,true,false,false,false,false,false,false,false,false,true,false,false,false,false,DEVOPS
ingénieur devops Confirmé ,false,false,false,false,false,false,false,false,true,false,false,false,true,false,false,false,false,true,true,true,false,false,false,DEVOPS
ingénieur devops ,false,false,false,true,false,false,false,false,false,true,false,false,true,false,false,false,false,true,true,false,false,false,false,DEVOPS
ingénieur devops Senior ,false,false,false,false,false,false,false,false,false,true,false,false,false,false,false,false,false,false,true,false,false,false,false,DEVOPS
ingénieur Logiciel devops ( H/F) ,false,false,false,true,false,false,false,false,false,true,false,false,true,false,false,false,false,true,true,false,false,false,false,DEVOPS
Spécialiste Network ,false,false,false,false,false,false,false,false,false,false,false,false,false,false,false,false,false,false,false,false,false,false,false,autre
Développer Big Data SCALA/JAVA (H/F) ,true,false,false,false,true,false,false,false,true,false,false,false,false,false,false,true,false,true,true,true,false,false,true,developement
manager d’Activité - Services Financiers ,false,false,false,false,false,false,false,false,false,false,false,false,false,false,false,false,false,false,false,false,false,false,false,traffic manager
Contact Center Bilingual Team manager (ENG/FR) ,false,false,false,false,false,false,false,false,false,false,false,false,false,false,false,false,false,false,false,false,false,false,false,traffic manager
manager d’Activité - Services Financiers ,false,false,false,false,false,false,false,false,false,false,false,false,false,false,false,false,false,false,false,false,false,false,false,traffic manager
WorkPlace Specialist ,false,false,false,false,false,false,false,false,false,false,false,false,false,false,false,false,false,false,false,false,false,false,false,autre
Team manager (Anglophone) ,false,false,false,false,false,false,false,false,false,false,false,false,false,false,false,false,false,false,false,false,false,false,false,traffic manager
manager d’Activité ,false,false,false,false,false,false,false,false,false,false,false,false,false,false,false,false,false,false,false,false,false,false,false,traffic manager
Ingénieur Etudes Et Développement Java Full Stack (H/F) ,true,false,true,false,true,false,false,false,true,false,false,true,false,false,false,true,false,true,true,false,false,false,false,developement
Ingénieur Test Automatisation (H/F) ,false,false,false,true,false,true,false,false,false,false,false,false,false,false,false,false,false,false,true,false,false,false,false,autre
Commerciaux avec Prime Déplafonnée! ,false,false,false,false,false,false,false,false,false,false,false,false,false,false,false,false,false,false,false,false,false,false,false,autre
Conseillers Commerciaux à Rabat avec Prime Déplafonnée ,false,false,false,false,false,false,false,false,false,false,false,false,false,false,false,false,false,false,false,false,false,false,false,autre
Ingénieur infrastructure Devops/Docker ,false,false,false,true,false,false,false,false,false,false,false,false,true,false,false,false,false,true,true,false,false,false,true,DEVOPS
Ingénieur infrastructure Devops/Docker ,false,false,false,true,false,false,false,false,false,false,false,false,true,false,false,false,false,true,true,false,false,false,true,DEVOPS
manager d’Activité ,false,false,false,false,false,false,false,false,false,false,false,false,false,false,false,false,false,false,false,false,false,false,false,traffic manager
Chargé de Recrutement (H/F) ,false,false,false,false,false,false,false,false,false,false,false,false,false,false,false,false,false,false,false,false,false,false,false,autre
Domain manager ,false,false,false,false,false,false,false,false,false,false,false,false,false,false,false,false,false,false,false,false,false,false,false,traffic manager
Administrateur Infrastructure ,false,false,false,false,false,false,false,false,false,false,false,false,false,false,false,false,false,false,false,false,false,false,false,autre
Chef de Projet Solutions Voix ,false,false,false,false,false,false,false,false,false,false,false,false,false,false,false,false,false,false,false,false,false,false,false,chef de projet
Expert Technique PHP ,false,false,false,false,false,false,false,false,true,false,true,false,true,false,false,false,false,false,false,true,false,false,true,developement
Acheteur ,false,false,false,false,false,false,false,false,false,false,false,false,false,false,false,false,false,false,false,false,false,false,false,autre
Team Leader Senior Ventes B2B ,false,false,false,false,false,false,false,false,false,false,false,false,false,false,false,false,false,false,false,false,false,false,false,autre
Brand manager H/F ,false,false,false,false,false,false,false,false,false,false,false,false,false,false,false,false,false,false,true,false,false,false,false,traffic manager
Bilingual Call Center Team manager (ENG/FR) ,false,false,false,false,false,false,false,false,false,false,false,false,false,false,false,false,false,false,false,false,false,false,false,traffic manager
Social Media manager ,false,false,false,false,false,false,false,false,false,false,false,false,false,false,false,false,false,false,false,false,false,false,false,traffic manager
Ingénieur Etudes Et Développement PHP Confirmé (H/F) ,true,false,true,false,true,false,false,false,true,false,false,true,false,false,false,true,false,true,true,false,false,false,false,developement
Ingénieur Etudes Et Développement MOBILE HYBRIDE (H/F) ,true,false,true,false,true,false,false,false,true,false,false,true,false,false,false,true,false,true,true,false,false,false,false,autre
Ingénieur d’étude Génie électrique ,false,false,false,false,false,false,false,false,false,false,false,false,false,false,false,false,false,false,false,false,false,false,false,autre
Category manager (CATMAN) ,false,false,false,false,false,false,false,false,false,false,false,false,false,false,false,false,false,false,false,false,false,false,false,traffic manager
Senior English-speaking Auditor (H/F) ,false,false,false,false,false,false,false,false,false,false,false,false,false,false,false,false,false,false,false,false,false,false,false,autre
Senior Professional product Test -TEC - ,false,false,false,false,false,false,false,false,false,false,false,false,false,false,false,false,false,false,false,false,false,false,false,autre
Professional product Test -TEC - ,false,false,false,false,false,false,false,false,false,false,false,false,false,false,false,false,false,false,false,false,false,false,false,autre
Contract Administrator ,false,false,false,false,false,false,false,false,false,false,false,false,false,false,false,false,false,false,false,false,false,false,false,autre
Product manager - Secteur IT ,false,false,false,false,false,false,false,false,false,false,false,false,false,false,false,false,false,false,false,false,false,false,false,traffic manager
Business Developement manager - Secteur IT ,false,false,false,false,false,false,false,false,false,false,false,false,false,false,false,false,false,false,false,false,false,false,false,traffic manager
Développeur .NET Senior (H/F) ,false,false,false,false,false,false,false,false,false,false,false,false,true,false,false,false,false,false,false,false,false,false,false,DOTNET
Développeur Angular  .NET Core  ASP.NET ,false,false,false,false,false,false,false,false,true,false,false,false,true,false,false,false,false,false,false,true,false,true,false,DOTNET
Ingénieur Développeur Dot Net (H/F) ,false,false,false,false,false,false,false,false,false,false,false,false,true,false,true,false,false,false,false,false,false,true,false,developement
Développeur .NET Confirmé (H/F) ,false,false,false,false,false,false,true,true,false,false,false,true,false,false,true,true,false,false,true,true,false,true,true,DOTNET
Ingénieur développeur .NET Angular Confirmé ,false,false,false,false,false,false,false,true,true,false,false,false,true,false,true,false,false,false,false,false,false,true,true,DOTNET
Développeur Senior DotNet ,false,false,true,false,true,false,false,true,true,false,false,true,true,false,true,true,false,false,false,false,false,true,true,DOTNET
Développeur .NET Angular Js ,false,false,false,false,false,false,false,false,true,false,false,false,true,false,false,false,false,true,true,true,false,true,false,DOTNET
Développeur Dot Net ,false,false,false,false,false,false,false,true,false,false,false,false,true,false,true,false,false,false,false,false,false,true,false,developement
Concepteur/Développeur Back-end  .NET (C# 6.0) ,false,false,false,false,false,false,false,false,false,false,false,false,true,false,true,false,false,false,false,true,false,true,false,DOTNET
Ingénieur développeur .NET Angular Senior ,false,false,false,false,false,false,false,true,true,false,false,false,true,false,true,false,false,false,false,false,false,true,true,DOTNET
Développeurs .NET Confirmés ,false,false,true,false,false,true,false,true,false,false,false,true,true,false,false,true,false,false,false,false,false,true,false,DOTNET
Ingénieur Développement Senior Full Stack Java/ J2EE ,true,false,false,false,false,false,false,false,true,false,false,false,false,false,false,false,false,false,true,false,false,false,true,developement
Graphic Designer (H/F) ,false,false,false,false,false,false,false,false,false,false,false,false,false,false,false,false,false,false,false,false,false,false,false,autre
Concepteur Rédacteur (H/F) ,false,false,false,false,false,false,false,false,false,false,false,false,false,false,false,false,false,false,true,false,false,false,false,autre
Agente Back Office Italofono (M/F) ,false,false,false,false,false,false,false,false,false,false,false,false,false,false,false,false,false,false,false,false,false,false,false,autre
Senior Developer Android/ios (H/F) ,false,false,false,false,false,false,false,false,false,false,false,false,false,false,false,false,false,false,false,true,false,false,false,autre
Architecte technique ,false,false,false,false,false,false,false,false,false,false,false,false,true,false,false,false,false,false,true,false,false,false,false,autre
Infographiste Junior ,false,false,false,false,false,false,false,false,false,false,false,false,false,false,false,false,false,false,false,false,false,false,false,autre
Consultant RH (H/F) ,false,false,false,false,false,false,false,false,false,false,false,false,false,false,false,false,false,false,false,false,false,false,false,consultant
Développeur Full stack confirmé -MON- ,false,false,false,false,false,false,false,false,true,false,false,true,true,true,false,false,false,false,false,false,false,false,false,full stack
Consultants expérimentés SIRH ,false,true,false,false,false,false,false,false,false,false,false,false,true,false,false,false,false,false,false,false,false,false,false,consultant
Consultant Technico-Fonctionnel ,false,false,false,false,false,false,false,false,false,false,false,false,false,false,false,false,false,false,false,false,false,false,false,consultant
Consultant HR Access ,false,false,false,false,false,false,false,false,false,true,false,false,true,false,false,false,false,false,false,false,false,false,false,consultant
Consultant SAP FICO - Freelance ,false,true,false,false,false,false,false,false,false,false,false,false,false,false,false,false,false,false,false,false,false,false,false,consultant
Consultant OTC - SAP.HANA.SCM.SD - Freelance ,false,true,false,false,false,false,false,false,false,false,false,false,false,false,false,false,false,false,false,false,false,false,false,consultant
Ingénieurs Etude et Développement JAVA EE Senior ,false,false,true,false,false,true,false,false,true,false,false,true,false,false,false,true,false,false,false,true,false,false,false,developement
Consultant MSBI ,false,false,false,false,false,false,false,false,false,false,false,false,false,false,false,false,false,false,false,false,false,false,false,consultant
Consultant DBA Sybase IQ - Freelance ,false,true,false,false,false,false,false,false,false,false,false,false,false,false,false,false,false,false,false,false,false,false,false,consultant
Superviseur Electrique - Rabat ,false,false,false,false,false,false,false,false,false,false,false,false,false,false,false,false,true,false,false,false,false,false,false,autre
Superviseur Fluide -Rabat ,false,false,false,false,false,false,false,false,false,false,false,false,false,false,false,false,false,false,false,false,false,false,false,autre
RESPONSABLE DES MOYENS GENERAUX ,false,false,false,false,false,false,false,false,false,false,false,false,false,false,false,false,false,false,false,false,false,false,false,autre
Chef de projet Réseaux et Télécoms ,false,false,false,false,false,false,false,false,false,false,false,false,false,false,false,false,false,false,false,false,false,false,false,chef de projet
Administrateur Bases de données ,false,false,false,false,false,false,false,false,false,false,false,false,true,false,false,false,false,false,false,false,false,false,false,autre
INGENIEUR cyber IT GOUVERNANCE (H/F) ,false,false,false,false,false,false,false,false,false,false,false,false,false,false,false,false,false,false,false,false,false,false,false,autre
Ingénieurs Déploiement Réseaux et sécurité N2 ,false,false,false,false,false,false,false,false,false,false,false,false,false,false,false,false,false,false,false,false,false,false,false,securite
Technicien IT - Meknes ,false,false,false,false,false,false,false,false,false,true,false,false,false,false,false,false,false,false,false,false,false,false,false,autre
Technicien IT - Casablanca ,false,false,false,false,false,false,false,false,false,true,false,false,false,false,false,false,false,false,false,false,false,false,false,autre
Business Line Manager ,false,false,false,false,false,false,false,false,false,false,false,false,false,false,false,false,false,false,false,false,false,false,false,traffic manager
Chargé(e) de coordination Pôle Sport ,false,false,false,false,false,false,false,false,false,false,false,false,false,false,false,false,false,false,false,false,false,false,false,autre
Développeur orienté objet -TEC - ,false,false,false,false,false,false,false,false,false,false,false,false,false,false,false,false,false,false,false,false,false,false,false,developement
Développeur VBA ,false,true,false,true,false,false,false,false,false,false,false,false,false,false,true,false,false,false,false,false,false,true,false,developement
Développeur VBA ,false,true,false,true,false,false,false,false,false,false,false,false,false,false,true,false,false,false,false,false,false,true,false,developement
Développeur PHP Full Stack Senior ,false,false,true,false,true,true,false,true,true,false,true,true,true,false,false,true,false,false,false,false,false,false,false,developement
Développeur PHP Full Stack Senior ,false,false,true,false,true,true,false,true,true,false,true,true,true,false,false,true,false,false,false,false,false,false,false,developement
Développeur Front-End ,false,false,false,false,false,true,false,false,true,false,false,false,false,false,false,false,false,false,false,false,false,false,false,developement
Développeur Full stack confirmé -MON- ,false,false,false,false,false,false,false,false,true,false,false,true,true,true,false,false,false,false,false,false,false,false,false,full stack
Développeur .NET Senior (H/F) ,false,false,false,false,false,false,false,false,false,false,false,false,true,false,false,false,false,false,false,false,false,false,false,DOTNET
developpeur Reactjs ,false,false,false,false,false,false,false,false,false,false,false,false,false,false,false,false,false,false,false,false,false,false,true,developement
developpeur Node JS ,false,false,false,false,false,false,false,false,false,false,false,false,false,false,false,false,false,false,false,false,false,false,false,developement
Développeur Angular  .Net Core  ASP.Net ,false,false,false,false,false,false,false,false,true,false,false,false,true,false,false,false,false,false,false,true,false,true,false,DOTNET
Concepteur Développeur Symfony (H/F) ,false,false,true,false,true,true,false,false,false,false,false,true,false,false,false,true,false,false,true,false,false,false,false,developement
Ingénieur Concepteur Développeur PHP NATIF (H/F) ,false,false,true,false,true,true,false,false,false,false,true,true,false,false,false,true,false,false,true,false,false,false,false,developement
Concepteur Développeur Magento (H/F) ,false,false,true,false,true,true,false,false,false,false,false,true,false,false,false,true,false,false,true,false,false,false,false,developement
Ingénieur Concepteur Développeur Drupal ,false,false,true,false,true,false,false,false,false,false,true,true,false,false,false,true,false,false,true,false,false,false,true,developement
Ingénieur Développeur Dot Net (H/F) ,false,false,false,false,false,false,false,false,false,false,false,false,true,false,true,false,false,false,false,false,false,true,false,developement
Ingénieur Développeur Java/JEE ,true,false,false,false,false,false,false,true,false,false,false,false,true,false,false,false,false,false,false,false,false,false,false,developement
Ingénieur Concepteur Développeur JAVASCRIPT/ VUE.JS (H/F) ,false,false,true,false,true,true,false,false,true,false,false,true,false,false,false,true,true,false,true,false,false,false,true,developement
Concepteur Développeur NodeJs(H/F) ,false,false,true,false,true,true,false,false,false,false,false,true,false,false,false,true,true,false,true,false,false,false,true,developement
Ingénieur Concepteur Développeur JavaScript/Angular (H/F) ,false,false,true,false,true,true,false,false,true,false,false,true,false,false,false,true,true,false,true,false,false,false,true,developement
Ingénieur Concepteur Développeur JAVASCRIPT/REACTJS ,false,false,true,false,true,true,false,false,true,false,false,true,false,false,false,true,true,false,true,false,false,false,true,developement
Ingénieur développeur JAVA / Angular -MON- ,false,false,false,false,false,false,false,false,true,false,false,false,false,false,false,false,false,false,false,false,false,false,false,developement
Développeur full stack ,false,false,false,false,false,false,false,false,false,false,false,false,false,false,false,false,false,false,false,false,false,false,false,full stack
Développeur Java Angular ,false,false,false,true,false,true,false,false,true,false,false,false,true,true,false,false,false,true,true,false,false,false,false,developement
Concepteur développeur JAVA JEE ,false,false,false,false,false,false,false,false,false,true,false,false,true,false,false,false,false,false,true,true,false,false,false,developement
Concepteur développeur ESB ,false,false,false,false,false,false,false,false,false,false,false,false,true,false,false,false,false,false,false,false,false,false,false,developement
Développeur Master Data Management ,false,false,false,false,false,false,false,false,false,false,false,false,true,false,false,false,false,false,false,false,false,false,false,DATA ANALYSTE
Développeur ,false,false,false,true,false,true,false,false,true,false,false,false,false,false,false,false,false,false,true,false,false,false,false,developement
Développeur .NET Confirmé (H/F) ,false,false,false,false,false,false,true,true,false,false,false,true,false,false,true,true,false,false,true,true,false,true,true,DOTNET
Ingénieur développeur .Net Angular Confirmé ,false,false,false,false,false,false,false,true,true,false,false,false,true,false,true,false,false,false,false,false,false,true,true,DOTNET
Ingénieur Développeur C -MON- ,false,false,false,true,false,false,false,false,false,false,false,false,true,true,true,false,false,false,false,false,false,false,false,developement
Développeur Full Stack Java/JEE Confirmé ,true,false,true,false,false,false,false,false,true,false,false,true,true,false,false,true,false,true,true,true,false,false,true,developement
Développeur Big Data ,false,false,false,false,false,false,false,false,false,false,false,false,false,false,false,false,false,true,false,false,false,false,false,DATA ANALYSTE
Développeur Fullstack / Scrum master ,false,false,false,false,false,false,false,false,true,false,false,false,true,false,false,false,false,true,true,true,false,false,false,full stack
Développeur Full Stack Java/Angular Confirmé ,true,false,true,false,false,false,false,false,true,false,false,true,true,false,false,true,false,true,true,true,false,false,true,developement
Développeur PHP Full Stack Sénior ,false,false,true,false,true,true,false,true,true,false,true,true,true,false,false,true,false,false,false,false,false,false,false,developement
